"","CHROM","POS","REF","ALT"
"1","1",31691734,"G","A"
"2","1",98426749,"G","A"
"3","1",168467950,"G","A"
"4","1",212352377,"G","T"
"5","1",239397797,"T","A"
"6","1",240507547,"A","T"
"7","2",5965706,"G","A"
"8","2",34606921,"T","A"
"9","2",90231584,"G","T"
"10","2",99501908,"C","T"
"11","2",138583113,"G","A"
"12","2",194793292,"CTT","C"
"13","2",200153645,"G","T"
"14","2",231841419,"C","T"
"15","2",241281331,"C","A"
"16","3",49012324,"G","T"
"17","3",70199639,"G","C"
"18","3",83951534,"A","G"
"19","3",96090255,"C","T"
"20","3",107731469,"C","T"
"21","3",162456631,"G","A"
"22","3",196886773,"C","T"
"23","4",16800988,"T","A"
"24","4",28629401,"C","T"
"25","4",33192479,"C","A"
"26","4",55310609,"G","A"
"27","4",159172058,"G","A"
"28","4",176659497,"G","A"
"29","4",184808022,"A","G"
"30","4",185375793,"C","T"
"31","5",17226551,"A","G"
"32","5",44770209,"G","A"
"33","5",51128677,"C","A"
"34","5",65315424,"G","A"
"35","5",72178944,"ACG","A"
"36","5",109537368,"T","C"
"37","6",7569605,"G","A"
"38","6",23944712,"G","T"
"39","6",27985938,"C","T"
"40","6",110014503,"C","T"
"41","6",114610552,"GAACA","G"
"42","6",154659392,"C","T"
"43","7",131427177,"ATTTC","A"
"44","8",14411299,"CTT","C"
"45","8",25735478,"CATA","C"
"46","8",72947366,"G","A"
"47","8",73826564,"G","A"
"48","8",100847587,"A","AATGTGT"
"49","8",121214447,"G","A"
"50","8",126661188,"T","C"
"51","9",1722340,"A","G"
"52","9",78228121,"C","G"
"53","10",23042694,"GAGTT","G"
"54","10",97951160,"C","T"
"55","10",98982494,"C","CT"
"56","11",8350555,"G","A"
"57","11",94048896,"G","A"
"58","11",114745430,"C","A"
"59","12",40717911,"G","A"
"60","13",29160961,"C","A"
"61","13",79159985,"T","C"
"62","13",92654445,"A","T"
"63","13",104312064,"G","A"
"64","14",54432218,"C","T"
"65","14",59303124,"G","A"
"66","14",59583360,"A","G"
"67","14",65962309,"A","C"
"68","16",28153814,"G","A"
"69","16",58426889,"C","A"
"70","16",69679204,"G","C"
"71","18",12016169,"T","C"
"72","18",39171826,"C","G"
"73","18",62319203,"G","A"
"74","18",72031228,"C","T"
"75","18",73702872,"A","C"
"76","19",29424630,"G","T"
"77","20",13255185,"C","A"
"78","20",13515886,"C","T"
"79","20",29913114,"C","T"
"80","21",17683648,"TTA","T"
"81","21",35693543,"G","A"
"82","22",19049947,"T","TCCTC"
"83","22",35279008,"G","A"
"84","X",51984755,"C","T"
"85","X",62980946,"T","C"
"86","X",124310752,"C","T"
"87","X",141942973,"G","A"
