CHROM,POS,REF,ALT,Category
1,4262091,T,A,HET
1,5745160,G,A,HET
1,5786487,C,T,MOSAIC
1,12559193,G,T,MOSAIC
1,19931070,C,A,HET
1,23121461,C,G,REF_HOMO
1,31691734,G,A,MOSAIC
1,37027480,A,C,MOSAIC
1,45675887,A,C,MOSAIC
1,49465366,C,G,MOSAIC
1,57654459,T,C,MOSAIC
1,60291498,C,T,MOSAIC
1,64512024,C,T,MOSAIC
1,69555469,C,T,MOSAIC
1,69555474,A,G,MOSAIC
1,75038329,G,C,MOSAIC
1,81433809,C,T,MOSAIC
1,84750206,C,T,MOSAIC
1,95710488,A,T,MOSAIC
1,98426749,G,A,MOSAIC
1,99581604,C,G,MOSAIC
1,104494473,A,G,MOSAIC
1,104495470,G,A,MOSAIC
1,106934533,C,T,MOSAIC
1,113168020,C,T,MOSAIC
1,113168021,A,G,MOSAIC
1,114686316,T,C,REF_HOMO
1,114731720,G,T,HET
1,118367971,T,C,HET
1,145099871,T,C,MOSAIC
1,145099872,G,A,MOSAIC
1,147363147,G,T,MOSAIC
1,147363155,T,C,MOSAIC
1,147363190,A,G,MOSAIC
1,156458109,T,C,MOSAIC
1,156458112,A,G,MOSAIC
1,164195126,A,G,HET
1,166775483,G,A,MOSAIC
1,166775485,A,G,MOSAIC
1,168467950,G,A,MOSAIC
1,169329191,G,A,MOSAIC
1,178840200,T,C,MOSAIC
1,180856518,T,G,MOSAIC
1,188748555,G,A,MOSAIC
1,195678162,C,T,MOSAIC
1,199754907,G,A,MOSAIC
1,201410151,G,A,MOSAIC
1,202125899,A,G,REF_HOMO
1,212352377,G,T,MOSAIC
1,216676370,A,G,MOSAIC
1,218015085,C,T,MOSAIC
1,218775880,T,C,MOSAIC
1,221888654,T,C,MOSAIC
1,222990310,A,G,HET
1,228481187,A,G,MOSAIC
1,229260940,A,G,MOSAIC
1,229689426,C,CG,MOSAIC
1,233023370,A,G,HET
1,234345096,C,G,MOSAIC
1,239397797,T,A,MOSAIC
1,240507547,A,T,MOSAIC
1,241434408,C,T,MOSAIC
1,242706525,T,C,HET
2,1519264,AAC,A,MOSAIC
2,3032161,G,A,HET
2,4876738,A,C,MOSAIC
2,5965706,G,A,MOSAIC
2,7875784,A,G,MOSAIC
2,7875823,T,C,MOSAIC
2,7876617,C,T,MOSAIC
2,8566334,G,T,MOSAIC
2,8750266,A,G,HET
2,16946983,G,A,HET
2,20368196,A,G,REF_HOMO
2,22765057,T,A,MOSAIC
2,23014972,C,T,MOSAIC
2,23014973,A,G,MOSAIC
2,23325654,G,A,MOSAIC
2,23325659,T,C,MOSAIC
2,24960206,G,A,MOSAIC
2,29924867,A,C,MOSAIC
2,30404911,T,A,MOSAIC
2,34606921,T,A,MOSAIC
2,35255649,T,C,MOSAIC
2,35255650,G,A,MOSAIC
2,37173326,A,T,MOSAIC
2,37440959,A,T,MOSAIC
2,40458181,T,C,MOSAIC
2,43140698,C,G,HET
2,47690340,C,G,MOSAIC
2,49268814,A,C,MOSAIC
2,51501083,C,T,MOSAIC
2,53799113,A,T,MOSAIC
2,56448245,G,A,MOSAIC
2,57281638,T,A,MOSAIC
2,58807654,A,T,MOSAIC
2,63886159,C,T,MOSAIC
2,64733537,C,T,MOSAIC
2,67963036,A,C,MOSAIC
2,71776656,C,A,MOSAIC
2,71776657,T,G,MOSAIC
2,75692105,T,C,MOSAIC
2,75692107,T,A,MOSAIC
2,86023518,T,C,MOSAIC
2,88936518,C,T,MOSAIC
2,90231584,G,T,MOSAIC
2,97358394,C,T,MOSAIC
2,99501908,C,T,MOSAIC
2,101097017,C,T,MOSAIC
2,101324669,C,T,MOSAIC
2,105349538,A,G,MOSAIC
2,108949721,A,T,MOSAIC
2,108949767,G,A,MOSAIC
2,119890951,G,A,MOSAIC
2,120414575,A,T,MOSAIC
2,120946908,G,T,MOSAIC
2,121805078,A,G,REF_HOMO
2,126418619,G,C,HET
2,129862918,C,G,HET
2,135420207,C,G,HET
2,138583113,G,A,MOSAIC
2,139599096,C,G,MOSAIC
2,139753954,C,T,MOSAIC
2,140339777,A,T,MOSAIC
2,142968696,G,T,MOSAIC
2,143167083,A,G,MOSAIC
2,143727379,C,T,MOSAIC
2,145772122,A,C,MOSAIC
2,145772123,G,T,MOSAIC
2,147332932,A,G,MOSAIC
2,159694940,G,C,HET
2,161237788,G,C,MOSAIC
2,161607704,C,A,MOSAIC
2,166934918,C,T,MOSAIC
2,168346457,A,C,MOSAIC
2,169033711,A,C,MOSAIC
2,170746611,A,G,MOSAIC
2,179672081,A,T,MOSAIC
2,179672082,A,T,MOSAIC
2,179676539,G,A,MOSAIC
2,185754414,T,A,MOSAIC
2,189956910,G,A,MOSAIC
2,194793292,CTT,C,MOSAIC
2,195046625,G,A,MOSAIC
2,195921188,G,A,MOSAIC
2,200153645,G,T,MOSAIC
2,202346327,T,C,HET
2,209589692,G,A,MOSAIC
2,222581351,A,T,MOSAIC
2,231841419,C,T,MOSAIC
2,234477202,T,A,MOSAIC
2,234731273,G,A,MOSAIC
2,235210131,C,T,MOSAIC
2,241281331,C,A,MOSAIC
3,6341933,TATC,T,MOSAIC
3,10689466,T,C,HET
3,14732257,T,C,MOSAIC
3,23502134,AGAAAG,A,MOSAIC
3,25576791,C,T,MOSAIC
3,29988628,A,T,MOSAIC
3,31854915,A,C,MOSAIC
3,31868819,T,C,HET
3,34583283,C,T,MOSAIC
3,36132231,T,G,MOSAIC
3,47397953,C,G,MOSAIC
3,49012324,G,T,MOSAIC
3,53696469,T,C,MOSAIC
3,54659057,A,G,REF_HOMO
3,57276324,T,A,MOSAIC
3,57276327,T,A,MOSAIC
3,58693839,A,T,MOSAIC
3,58693842,A,T,MOSAIC
3,59122623,T,A,MOSAIC
3,63769495,C,T,MOSAIC
3,70199639,G,C,MOSAIC
3,70658576,G,T,MOSAIC
3,73798721,A,G,MOSAIC
3,74090888,G,A,HET
3,78140279,A,T,MOSAIC
3,78140280,A,T,MOSAIC
3,79410958,A,G,MOSAIC
3,80539534,C,A,MOSAIC
3,80840093,G,A,MOSAIC
3,83516288,A,C,MOSAIC
3,83951534,A,G,MOSAIC
3,84719043,C,T,MOSAIC
3,84856980,T,A,MOSAIC
3,85379001,A,T,MOSAIC
3,85794290,A,C,MOSAIC
3,94668508,A,C,MOSAIC
3,96090255,C,T,MOSAIC
3,97196692,C,A,MOSAIC
3,98286670,C,T,MOSAIC
3,99913202,T,A,MOSAIC
3,105833793,G,C,MOSAIC
3,105833795,C,A,MOSAIC
3,107731469,C,T,MOSAIC
3,108008659,A,T,MOSAIC
3,108008662,A,T,MOSAIC
3,110057653,T,A,MOSAIC
3,111155080,C,T,MOSAIC
3,112163628,C,T,MOSAIC
3,125767964,C,T,REF_HOMO
3,135459276,C,A,HET
3,137338844,C,A,MOSAIC
3,138451930,A,T,MOSAIC
3,139432925,C,A,HET
3,142446742,T,C,HET
3,151057368,C,T,MOSAIC
3,152697890,C,T,MOSAIC
3,153395928,A,T,MOSAIC
3,157428497,T,A,MOSAIC
3,159992324,T,A,MOSAIC
3,161576704,A,T,MOSAIC
3,162456631,G,A,MOSAIC
3,171857569,G,A,MOSAIC
3,171922268,A,G,MOSAIC
3,183283528,G,A,MOSAIC
3,184022071,G,A,MOSAIC
3,196886773,C,T,MOSAIC
4,7066103,C,T,MOSAIC
4,12229041,G,A,MOSAIC
4,12229043,G,T,MOSAIC
4,13911547,C,T,MOSAIC
4,15024118,T,G,MOSAIC
4,15024119,C,A,MOSAIC
4,15112214,C,T,MOSAIC
4,15610195,G,C,MOSAIC
4,16800988,T,A,MOSAIC
4,23031111,A,T,MOSAIC
4,23990423,A,T,MOSAIC
4,24819292,C,A,MOSAIC
4,27333896,C,A,MOSAIC
4,28255374,T,A,HET
4,28629401,C,T,MOSAIC
4,29630227,T,A,MOSAIC
4,30070477,A,G,MOSAIC
4,33192479,C,A,MOSAIC
4,38050036,G,A,MOSAIC
4,38476210,T,C,MOSAIC
4,38476399,G,A,MOSAIC
4,48901016,A,G,MOSAIC
4,54417044,C,T,MOSAIC
4,55310609,G,A,MOSAIC
4,55312148,T,C,MOSAIC
4,57775064,T,C,REF_HOMO
4,59607228,G,C,MOSAIC
4,65882751,G,C,MOSAIC
4,65882753,C,T,MOSAIC
4,66130457,C,T,MOSAIC
4,67167489,G,C,MOSAIC
4,67714666,G,A,MOSAIC
4,71105167,A,T,MOSAIC
4,74314197,C,G,MOSAIC
4,74559590,G,C,MOSAIC
4,76293583,C,T,MOSAIC
4,78832532,A,C,MOSAIC
4,83599250,T,C,MOSAIC
4,85359440,A,G,MOSAIC
4,85664433,T,G,MOSAIC
4,88603448,A,T,MOSAIC
4,93802422,C,T,MOSAIC
4,93868224,A,C,MOSAIC
4,100127677,A,T,MOSAIC
4,100127682,A,T,MOSAIC
4,104578927,G,T,MOSAIC
4,123000327,T,G,MOSAIC
4,123000328,C,A,MOSAIC
4,125231223,A,C,HET
4,130387276,A,G,MOSAIC
4,130387277,C,T,MOSAIC
4,131263049,C,A,MOSAIC
4,138879527,A,T,MOSAIC
4,139528134,T,C,HET
4,141153619,C,G,HET
4,146067239,G,A,MOSAIC
4,146067240,T,C,MOSAIC
4,146603848,A,C,HET
4,149035873,T,C,MOSAIC
4,149096018,G,A,MOSAIC
4,149368759,C,T,MOSAIC
4,152764822,C,T,HET
4,154725119,C,A,HET
4,159172058,G,A,MOSAIC
4,161255819,A,T,MOSAIC
4,162380647,T,G,MOSAIC
4,163244475,A,T,MOSAIC
4,168940523,G,A,MOSAIC
4,176659497,G,A,MOSAIC
4,180979689,T,G,MOSAIC
4,181698552,T,C,MOSAIC
4,182001785,A,T,MOSAIC
4,182003013,A,T,MOSAIC
4,184525534,T,G,HET
4,184808022,A,G,MOSAIC
4,184809648,G,C,REF_HOMO
4,185375793,C,T,MOSAIC
4,187515761,A,G,MOSAIC
4,187515768,C,T,MOSAIC
4,189162568,G,A,MOSAIC
4,190578944,G,A,HET
4,190612939,C,G,MOSAIC
4,190652857,G,T,HET
4,190676191,A,T,MOSAIC
5,400174,G,T,MOSAIC
5,11293905,C,G,MOSAIC
5,11293906,C,G,MOSAIC
5,12243719,G,A,MOSAIC
5,17226551,A,G,MOSAIC
5,19543649,C,G,MOSAIC
5,24789601,A,G,MOSAIC
5,24789604,C,T,MOSAIC
5,28878106,A,T,MOSAIC
5,29051061,G,C,MOSAIC
5,32709420,T,G,MOSAIC
5,36396613,T,A,MOSAIC
5,36860736,A,T,MOSAIC
5,39912346,G,C,MOSAIC
5,40866861,G,A,HET
5,44770209,G,A,MOSAIC
5,50844737,T,A,MOSAIC
5,50844740,T,A,MOSAIC
5,51128677,C,A,MOSAIC
5,65315424,G,A,MOSAIC
5,72178944,ACG,A,MOSAIC
5,72392587,A,G,MOSAIC
5,73279106,G,A,HET
5,83143851,G,A,MOSAIC
5,84909152,A,T,MOSAIC
5,85460580,G,T,MOSAIC
5,88849159,C,T,MOSAIC
5,89815679,G,C,MOSAIC
5,92312479,C,G,MOSAIC
5,92312480,C,G,MOSAIC
5,97767397,G,C,MOSAIC
5,97767398,G,C,MOSAIC
5,108673502,T,A,MOSAIC
5,109537368,T,C,MOSAIC
5,115316467,A,C,MOSAIC
5,115316468,G,T,MOSAIC
5,121180626,C,A,MOSAIC
5,121180627,T,G,MOSAIC
5,129435755,A,G,MOSAIC
5,132659937,G,A,MOSAIC
5,133186798,A,C,REF_HOMO
5,133729505,C,A,MOSAIC
5,133729517,T,C,MOSAIC
5,145247251,G,A,MOSAIC
5,146867769,A,G,MOSAIC
5,147586977,A,C,MOSAIC
5,151744716,T,A,MOSAIC
5,158037485,C,T,MOSAIC
5,160411647,T,G,MOSAIC
5,165606101,A,G,HET
5,172144812,G,A,MOSAIC
5,172286508,G,A,REF_HOMO
5,172837236,C,T,MOSAIC
5,173109876,A,C,MOSAIC
5,179557321,C,A,MOSAIC
6,6312341,C,A,MOSAIC
6,7569605,G,A,MOSAIC
6,7969006,C,T,MOSAIC
6,10655127,T,C,MOSAIC
6,10962490,G,A,MOSAIC
6,13090952,A,T,MOSAIC
6,13191212,T,C,MOSAIC
6,18609981,A,G,MOSAIC
6,18609982,C,T,MOSAIC
6,19820611,T,G,MOSAIC
6,19820612,C,A,MOSAIC
6,19882664,T,A,MOSAIC
6,21051930,T,C,MOSAIC
6,21051933,G,A,MOSAIC
6,21159973,A,C,MOSAIC
6,22637197,C,T,MOSAIC
6,22637198,A,G,MOSAIC
6,23944712,G,T,MOSAIC
6,25936497,A,T,MOSAIC
6,27985349,A,C,MOSAIC
6,27985938,C,T,MOSAIC
6,36342181,T,C,REF_HOMO
6,38082914,T,C,MOSAIC
6,38082915,G,A,MOSAIC
6,38943085,T,G,MOSAIC
6,39386562,C,T,HET
6,40371400,C,T,MOSAIC
6,45630553,G,A,MOSAIC
6,46367151,A,G,MOSAIC
6,51121637,C,T,MOSAIC
6,51121638,A,G,MOSAIC
6,53661956,C,T,MOSAIC
6,55394736,C,T,MOSAIC
6,57218601,A,G,MOSAIC
6,57411198,G,T,MOSAIC
6,79909043,G,T,MOSAIC
6,80397948,C,T,MOSAIC
6,80476845,A,C,MOSAIC
6,80796617,T,G,MOSAIC
6,83592357,A,T,MOSAIC
6,83592364,A,T,MOSAIC
6,85655987,C,G,MOSAIC
6,89213117,T,A,HET
6,89384426,C,T,HET
6,101898717,G,A,MOSAIC
6,102878754,T,A,MOSAIC
6,103566570,G,A,MOSAIC
6,103566573,C,G,MOSAIC
6,103567665,C,G,MOSAIC
6,103567668,T,C,MOSAIC
6,110014503,C,T,MOSAIC
6,114610552,GAACA,G,MOSAIC
6,115227826,G,T,MOSAIC
6,121420079,A,G,MOSAIC
6,121420086,C,T,MOSAIC
6,121817075,T,G,HET
6,122012761,C,G,MOSAIC
6,122610884,C,T,MOSAIC
6,125153224,A,C,MOSAIC
6,125153225,G,T,MOSAIC
6,128468542,T,C,MOSAIC
6,131367555,G,A,MOSAIC
6,135979242,C,A,MOSAIC
6,136077816,A,T,MOSAIC
6,136077817,A,T,MOSAIC
6,137257144,C,T,HET
6,142733165,T,C,MOSAIC
6,142930334,T,C,MOSAIC
6,143193133,A,G,MOSAIC
6,153112941,A,C,MOSAIC
6,154659392,C,T,MOSAIC
6,154853705,G,C,MOSAIC
6,156279892,A,G,MOSAIC
6,157633821,T,G,MOSAIC
6,159986323,A,G,HET
6,162492242,A,C,MOSAIC
6,164367726,C,T,MOSAIC
6,167884001,A,G,REF_HOMO
7,9417693,T,C,MOSAIC
7,12659689,A,T,MOSAIC
7,12659690,A,T,MOSAIC
7,16086786,C,G,MOSAIC
7,19200056,T,C,MOSAIC
7,22255501,A,G,MOSAIC
7,29802707,G,A,MOSAIC
7,31796412,T,G,MOSAIC
7,33765368,A,G,MOSAIC
7,34871352,C,T,HET
7,36462754,C,T,MOSAIC
7,37910766,C,T,MOSAIC
7,42534181,G,T,HET
7,43109911,G,A,MOSAIC
7,43766364,T,G,MOSAIC
7,47305969,A,C,REF_HOMO
7,51776319,G,A,MOSAIC
7,52521105,T,C,HET
7,54620649,C,G,MOSAIC
7,65610988,C,T,HET
7,67855805,C,T,MOSAIC
7,69708884,T,C,MOSAIC
7,75985782,T,C,HET
7,80017095,C,T,MOSAIC
7,83812865,C,T,MOSAIC
7,87518026,C,T,MOSAIC
7,90296584,G,A,MOSAIC
7,92542481,G,A,MOSAIC
7,93921271,T,A,MOSAIC
7,105921577,G,T,REF_HOMO
7,109554973,C,A,MOSAIC
7,112237239,C,G,MOSAIC
7,116087209,C,T,MOSAIC
7,118645425,T,C,MOSAIC
7,119059631,C,A,MOSAIC
7,119177748,A,G,MOSAIC
7,121347585,T,G,MOSAIC
7,121766164,G,A,MOSAIC
7,122234847,C,T,MOSAIC
7,122716920,T,A,MOSAIC
7,123822884,T,A,MOSAIC
7,127054212,T,G,MOSAIC
7,129099788,C,G,MOSAIC
7,130475210,A,T,HET
7,131427177,ATTTC,A,MOSAIC
7,140001427,A,C,HET
7,141222076,G,A,MOSAIC
7,142537588,A,G,HET
7,150175576,A,C,MOSAIC
7,157429170,A,C,HET
8,744042,G,C,MOSAIC
8,2031381,G,A,REF_HOMO
8,2199684,G,A,MOSAIC
8,2211118,T,C,MOSAIC
8,2270450,T,C,MOSAIC
8,3453422,T,A,HET
8,3996828,T,G,HET
8,4252939,C,G,HET
8,6717823,G,A,HET
8,12950898,A,T,MOSAIC
8,13107207,A,T,MOSAIC
8,13840424,T,C,MOSAIC
8,14166252,C,T,MOSAIC
8,14411299,CTT,C,MOSAIC
8,14747245,A,C,MOSAIC
8,14747246,G,T,MOSAIC
8,15481244,A,T,MOSAIC
8,15481245,A,T,MOSAIC
8,23541869,C,G,MOSAIC
8,23541870,T,G,MOSAIC
8,25735478,CATA,C,MOSAIC
8,27531157,G,A,MOSAIC
8,28894088,T,G,MOSAIC
8,29530567,T,G,MOSAIC
8,30325985,G,T,MOSAIC
8,31383835,A,T,MOSAIC
8,41832843,A,T,MOSAIC
8,43319763,G,A,MOSAIC
8,48791878,C,A,MOSAIC
8,52167966,G,C,MOSAIC
8,53115612,A,T,MOSAIC
8,61525143,C,A,MOSAIC
8,63618020,A,C,MOSAIC
8,63858826,C,T,HET
8,67099665,G,C,MOSAIC
8,72947366,G,A,MOSAIC
8,73826564,G,A,MOSAIC
8,74082289,C,A,MOSAIC
8,76642764,C,A,MOSAIC
8,78056998,G,A,MOSAIC
8,80121537,G,A,MOSAIC
8,80121538,T,C,MOSAIC
8,81399897,C,T,MOSAIC
8,91951808,C,T,MOSAIC
8,93236342,A,G,MOSAIC
8,93975602,G,T,MOSAIC
8,97745650,G,A,MOSAIC
8,99612458,T,G,MOSAIC
8,100847587,A,AATGTGT,MOSAIC
8,102296835,C,T,HET
8,110177698,C,T,MOSAIC
8,110529088,A,T,MOSAIC
8,110907861,T,A,MOSAIC
8,113946062,A,G,MOSAIC
8,116848693,T,A,MOSAIC
8,121214447,G,A,MOSAIC
8,122090537,T,C,MOSAIC
8,122224130,A,T,MOSAIC
8,122224133,A,T,MOSAIC
8,122651370,C,A,MOSAIC
8,126661188,T,C,MOSAIC
8,127135397,C,T,MOSAIC
8,133064756,A,C,HET
8,134646398,G,A,HET
8,138116363,A,G,MOSAIC
8,140336974,T,A,MOSAIC
8,140336975,T,A,MOSAIC
8,140683502,T,G,REF_HOMO
8,144210812,G,A,MOSAIC
9,1598450,C,G,MOSAIC
9,1598451,C,G,MOSAIC
9,1722340,A,G,MOSAIC
9,2249822,C,T,HET
9,3174976,T,A,HET
9,7860755,C,T,MOSAIC
9,8154092,A,G,MOSAIC
9,8854489,G,T,HET
9,9457115,T,A,MOSAIC
9,9588212,C,G,MOSAIC
9,18576131,G,A,MOSAIC
9,18576132,T,C,MOSAIC
9,21331506,T,A,MOSAIC
9,24824688,A,G,MOSAIC
9,24824693,C,T,MOSAIC
9,31476096,T,C,MOSAIC
9,33459475,G,A,MOSAIC
9,34975508,T,C,HET
9,35177345,G,A,REF_HOMO
9,38668272,C,T,MOSAIC
9,76576921,A,G,MOSAIC
9,78228121,C,G,MOSAIC
9,78848802,T,G,MOSAIC
9,83230221,T,A,MOSAIC
9,84825189,C,G,MOSAIC
9,87631937,T,G,MOSAIC
9,88011667,A,C,MOSAIC
9,103731911,A,G,MOSAIC
9,114300951,G,A,MOSAIC
9,120489268,G,A,MOSAIC
9,133760767,C,T,MOSAIC
9,134665838,G,A,MOSAIC
9,134950488,G,T,MOSAIC
9,135215831,C,T,MOSAIC
9,137383227,T,C,MOSAIC
9,139560499,A,C,MOSAIC
9,140918612,A,C,MOSAIC
10,718416,C,T,MOSAIC
10,1116999,T,C,HET
10,2479838,C,G,MOSAIC
10,7885771,T,A,MOSAIC
10,20824647,C,T,MOSAIC
10,23042694,GAGTT,G,MOSAIC
10,26443625,A,C,HET
10,29124897,A,G,MOSAIC
10,29124919,G,C,MOSAIC
10,33156420,G,C,MOSAIC
10,33156421,G,C,MOSAIC
10,33196134,T,C,MOSAIC
10,33196135,G,A,MOSAIC
10,35037711,G,T,MOSAIC
10,44965925,G,C,HET
10,56708773,A,T,MOSAIC
10,57304369,G,A,MOSAIC
10,58021177,C,T,MOSAIC
10,58457040,T,G,MOSAIC
10,58457041,C,A,MOSAIC
10,71631216,G,A,MOSAIC
10,79036348,C,T,MOSAIC
10,80870658,T,A,MOSAIC
10,84641815,C,T,MOSAIC
10,88415611,A,C,REF_HOMO
10,92458470,T,A,MOSAIC
10,97951160,C,T,MOSAIC
10,98982494,C,CT,MOSAIC
10,100058139,G,A,MOSAIC
10,101884124,T,A,MOSAIC
10,109228657,A,T,MOSAIC
10,109671046,A,C,MOSAIC
10,109828765,C,T,MOSAIC
10,115476211,G,C,MOSAIC
10,116196503,C,T,MOSAIC
10,116843068,C,G,HET
10,117107167,A,C,MOSAIC
10,124420243,C,T,HET
10,127139902,G,A,MOSAIC
10,128874246,G,A,HET
10,129496707,A,T,MOSAIC
10,133022785,C,T,MOSAIC
10,134908190,G,A,MOSAIC
11,428894,A,G,MOSAIC
11,3011374,A,T,MOSAIC
11,4669291,C,G,MOSAIC
11,5470408,T,C,MOSAIC
11,5728365,G,A,MOSAIC
11,6383741,C,G,MOSAIC
11,8350555,G,A,MOSAIC
11,8674654,C,T,HET
11,11279054,G,A,MOSAIC
11,11827903,G,A,MOSAIC
11,11827905,C,T,MOSAIC
11,12627862,T,A,MOSAIC
11,18932963,G,A,HET
11,29115212,T,G,MOSAIC
11,29115213,A,T,MOSAIC
11,33706660,G,A,MOSAIC
11,34161341,C,T,MOSAIC
11,37336746,A,T,MOSAIC
11,43099503,A,C,MOSAIC
11,60052222,G,T,MOSAIC
11,69792125,T,C,MOSAIC
11,70698034,G,A,REF_HOMO
11,75886773,T,C,MOSAIC
11,75887586,C,T,MOSAIC
11,78771555,G,A,HET
11,81912443,C,T,MOSAIC
11,82445186,A,C,MOSAIC
11,82445187,G,T,MOSAIC
11,83068496,C,T,MOSAIC
11,83281579,C,T,MOSAIC
11,83281580,A,G,MOSAIC
11,84980734,G,A,MOSAIC
11,87058981,G,A,HET
11,87069695,A,G,MOSAIC
11,88087255,A,C,MOSAIC
11,92861647,G,A,MOSAIC
11,94045731,T,C,MOSAIC
11,94048896,G,A,MOSAIC
11,97326785,G,A,MOSAIC
11,98565594,T,G,MOSAIC
11,98565597,C,A,MOSAIC
11,99258149,G,A,MOSAIC
11,101743299,C,A,MOSAIC
11,102901638,T,G,MOSAIC
11,102901639,C,A,MOSAIC
11,103731047,T,A,MOSAIC
11,104212407,C,T,MOSAIC
11,109037921,T,G,MOSAIC
11,110591774,A,C,MOSAIC
11,112626686,C,T,HET
11,114745430,C,A,MOSAIC
11,115043033,C,T,MOSAIC
11,115688730,C,G,MOSAIC
11,116069555,G,A,MOSAIC
11,117506570,A,C,MOSAIC
11,120704063,T,C,HET
11,123516528,G,A,MOSAIC
11,129225813,C,T,MOSAIC
11,129560658,C,T,MOSAIC
11,133768847,C,T,MOSAIC
12,12402297,G,A,MOSAIC
12,14402358,T,G,HET
12,17103278,C,A,HET
12,21634862,G,C,MOSAIC
12,21634865,G,C,MOSAIC
12,24898052,T,A,MOSAIC
12,29156722,C,G,MOSAIC
12,29156723,C,G,MOSAIC
12,30637099,C,G,MOSAIC
12,30749782,G,T,MOSAIC
12,33753946,A,C,MOSAIC
12,40717911,G,A,MOSAIC
12,42784039,A,G,MOSAIC
12,54693919,C,A,MOSAIC
12,56739849,A,C,MOSAIC
12,56740629,C,A,MOSAIC
12,69810208,C,T,HET
12,71384698,C,T,MOSAIC
12,80221290,G,C,MOSAIC
12,85277117,T,A,MOSAIC
12,99225025,C,T,HET
12,99984882,G,A,MOSAIC
12,104969734,G,A,MOSAIC
12,106147409,C,T,HET
12,106356967,A,G,MOSAIC
12,107509134,G,A,MOSAIC
12,112684651,T,A,MOSAIC
12,114869775,T,C,HET
12,116308531,A,G,MOSAIC
12,126859824,CA,C,MOSAIC
12,128990513,T,C,HET
12,131589118,G,C,MOSAIC
12,131589119,G,C,MOSAIC
13,20628749,A,T,MOSAIC
13,20628752,A,T,MOSAIC
13,20840391,G,C,MOSAIC
13,24161093,A,T,MOSAIC
13,29160961,C,A,MOSAIC
13,30548742,C,G,MOSAIC
13,30548743,C,G,MOSAIC
13,31450913,T,A,REF_HOMO
13,40455905,T,C,MOSAIC
13,41891250,G,A,MOSAIC
13,46377882,C,T,MOSAIC
13,47430361,C,T,MOSAIC
13,60059218,C,A,MOSAIC
13,60059219,T,G,MOSAIC
13,66931942,G,A,MOSAIC
13,70817696,T,A,MOSAIC
13,76282004,T,G,MOSAIC
13,76282005,C,A,MOSAIC
13,79159985,T,C,MOSAIC
13,81456336,T,A,MOSAIC
13,82730093,G,A,MOSAIC
13,83483065,A,G,MOSAIC
13,84595018,A,G,MOSAIC
13,85000490,C,T,MOSAIC
13,85839735,C,T,MOSAIC
13,91539264,C,T,MOSAIC
13,92654445,A,T,MOSAIC
13,92959026,T,A,MOSAIC
13,95433485,C,T,MOSAIC
13,97971976,C,T,MOSAIC
13,100321031,T,C,HET
13,101511505,A,G,MOSAIC
13,104312064,G,A,MOSAIC
13,104815490,G,A,MOSAIC
13,107318347,A,G,MOSAIC
13,107318348,C,T,MOSAIC
13,113887705,CCAG,C,MOSAIC
14,21202633,G,T,HET
14,32022258,A,T,MOSAIC
14,35231580,G,A,HET
14,38033902,G,T,MOSAIC
14,38297143,G,C,MOSAIC
14,40049221,A,C,MOSAIC
14,44933484,T,C,MOSAIC
14,45107043,A,T,MOSAIC
14,48138164,C,G,MOSAIC
14,48579727,C,T,MOSAIC
14,49458802,G,C,MOSAIC
14,52167998,T,A,MOSAIC
14,54432218,C,T,MOSAIC
14,57423222,C,T,MOSAIC
14,58374353,G,C,MOSAIC
14,58374354,G,C,MOSAIC
14,59303124,G,A,MOSAIC
14,59442109,T,C,HET
14,59583360,A,G,MOSAIC
14,60450697,C,T,MOSAIC
14,62926905,C,T,MOSAIC
14,65962309,A,C,MOSAIC
14,70275583,C,T,HET
14,72693773,C,T,HET
14,78677839,C,T,MOSAIC
14,80129613,T,A,MOSAIC
14,82458200,C,G,MOSAIC
14,82666170,G,A,MOSAIC
14,83531195,A,G,MOSAIC
14,83531202,C,T,MOSAIC
14,90512248,T,C,MOSAIC
14,94375031,T,G,MOSAIC
14,94529082,C,T,HET
14,95604270,A,G,MOSAIC
14,95778613,G,C,REF_HOMO
14,96080004,G,A,HET
14,98958675,G,A,MOSAIC
15,25972726,A,C,MOSAIC
15,26539083,G,C,MOSAIC
15,33615084,T,C,MOSAIC
15,42431069,T,C,MOSAIC
15,42431076,G,A,MOSAIC
15,44915502,G,T,HET
15,46932371,T,C,MOSAIC
15,46932376,G,A,MOSAIC
15,48174666,C,G,MOSAIC
15,48178351,T,C,MOSAIC
15,50784950,C,T,MOSAIC
15,51481001,C,G,MOSAIC
15,62881091,G,A,MOSAIC
15,63542848,G,C,MOSAIC
15,63542849,G,C,MOSAIC
15,65325135,G,A,MOSAIC
15,66011606,A,G,MOSAIC
15,77451486,T,A,MOSAIC
15,77451487,T,A,MOSAIC
15,77870646,A,G,REF_HOMO
15,89866133,C,T,MOSAIC
15,89933068,T,G,MOSAIC
15,92936918,G,C,MOSAIC
15,93474236,T,G,MOSAIC
15,93652784,T,C,MOSAIC
15,95432589,G,A,HET
15,96480222,C,T,MOSAIC
15,102032357,C,T,MOSAIC
16,9438171,T,C,MOSAIC
16,9438172,G,C,MOSAIC
16,9712409,A,G,MOSAIC
16,9712412,C,T,MOSAIC
16,9868034,C,T,HET
16,10822455,A,G,HET
16,25117897,C,G,HET
16,27872227,G,A,MOSAIC
16,27878370,C,T,MOSAIC
16,27878380,T,C,MOSAIC
16,28153814,G,A,MOSAIC
16,49789337,A,C,REF_HOMO
16,50993889,G,A,MOSAIC
16,53451084,T,A,MOSAIC
16,55437831,T,G,MOSAIC
16,58426889,C,A,MOSAIC
16,58560322,C,G,HET
16,60530859,T,G,MOSAIC
16,65286455,T,C,MOSAIC
16,69436890,C,T,HET
16,69679204,G,C,MOSAIC
16,73458900,G,A,MOSAIC
16,73751747,A,G,MOSAIC
16,78187280,G,A,MOSAIC
16,78290463,C,T,MOSAIC
16,78383644,C,T,HET
16,78774167,C,T,MOSAIC
16,79763926,T,C,MOSAIC
16,79763927,G,A,MOSAIC
16,80604095,C,T,MOSAIC
16,81204555,G,T,MOSAIC
16,82581201,C,T,HET
16,83174915,T,C,MOSAIC
16,88006381,G,A,HET
17,865931,T,A,MOSAIC
17,1616635,C,T,MOSAIC
17,4660801,C,T,MOSAIC
17,4917132,C,A,MOSAIC
17,4917169,C,T,MOSAIC
17,5657235,A,C,MOSAIC
17,10257796,C,G,MOSAIC
17,10257817,T,A,MOSAIC
17,12450663,T,A,MOSAIC
17,17134719,A,T,MOSAIC
17,17135321,A,G,MOSAIC
17,17135328,T,A,MOSAIC
17,25740356,C,T,MOSAIC
17,28061298,G,C,MOSAIC
17,30813389,C,G,MOSAIC
17,31854088,G,A,MOSAIC
17,32373696,G,A,MOSAIC
17,35848255,C,A,REF_HOMO
17,39003503,A,C,HET
17,42941468,T,C,HET
17,46055765,A,C,MOSAIC
17,50184239,T,C,HET
17,54885783,C,T,HET
17,56597984,A,G,MOSAIC
17,56786985,T,C,MOSAIC
17,74097350,A,C,MOSAIC
18,492194,T,C,HET
18,525159,G,A,MOSAIC
18,1735890,A,C,MOSAIC
18,1735891,G,T,MOSAIC
18,2979173,C,T,HET
18,4401617,T,G,MOSAIC
18,4401622,C,A,MOSAIC
18,6258630,G,A,MOSAIC
18,10004779,G,C,MOSAIC
18,10004780,G,A,MOSAIC
18,10082588,G,A,MOSAIC
18,12016169,T,C,MOSAIC
18,13474798,A,G,REF_HOMO
18,13910730,A,G,HET
18,21580946,G,C,MOSAIC
18,27189441,TA,T,MOSAIC
18,29228187,A,G,HET
18,31125367,T,C,MOSAIC
18,34358889,C,G,HET
18,39171826,C,G,MOSAIC
18,40074413,T,C,MOSAIC
18,43302976,C,T,HET
18,46209734,T,C,MOSAIC
18,49458343,A,T,MOSAIC
18,56480516,G,A,MOSAIC
18,57216690,C,G,HET
18,62319203,G,A,MOSAIC
18,65335071,G,A,MOSAIC
18,72031228,C,T,MOSAIC
18,72068183,A,T,MOSAIC
18,73702872,A,C,MOSAIC
18,74920107,C,T,MOSAIC
18,76797547,G,A,MOSAIC
19,2902419,C,T,HET
19,3928369,A,G,REF_HOMO
19,8030458,C,G,HET
19,9470823,G,C,MOSAIC
19,18678322,T,C,MOSAIC
19,22736207,A,G,MOSAIC
19,23463606,T,C,MOSAIC
19,23621311,A,C,MOSAIC
19,29424630,G,T,MOSAIC
19,31142255,G,A,MOSAIC
19,37580236,T,C,MOSAIC
19,39211568,A,G,MOSAIC
19,47833717,G,A,MOSAIC
19,48307672,G,A,MOSAIC
19,51646552,G,A,MOSAIC
19,51646634,C,T,MOSAIC
19,54290720,C,G,HET
19,58435948,C,A,MOSAIC
20,1547810,C,T,MOSAIC
20,4844629,C,T,MOSAIC
20,4926414,A,G,HET
20,10586572,T,C,MOSAIC
20,10586575,G,A,MOSAIC
20,12195861,G,T,MOSAIC
20,12196968,A,C,MOSAIC
20,13192345,G,A,MOSAIC
20,13192348,C,T,MOSAIC
20,13255185,C,A,MOSAIC
20,13513422,C,T,MOSAIC
20,13515886,C,T,MOSAIC
20,13532229,G,T,MOSAIC
20,13532239,A,G,MOSAIC
20,14540108,A,G,MOSAIC
20,14540109,C,T,MOSAIC
20,21779030,C,A,MOSAIC
20,21985663,T,A,MOSAIC
20,22280961,C,T,MOSAIC
20,22280962,A,G,MOSAIC
20,22346797,T,A,MOSAIC
20,29913114,C,T,MOSAIC
20,30391704,G,C,MOSAIC
20,33571279,A,C,MOSAIC
20,34778515,T,C,MOSAIC
20,34779086,A,C,MOSAIC
20,34779087,C,T,MOSAIC
20,36713579,G,T,HET
20,38519989,T,A,MOSAIC
20,52915779,G,T,MOSAIC
20,52916352,A,C,MOSAIC
20,53672093,T,A,MOSAIC
20,55101462,T,C,HET
20,56505887,G,A,MOSAIC
20,57317913,C,T,HET
20,57701418,G,T,MOSAIC
20,58666550,A,G,MOSAIC
20,60160519,C,T,REF_HOMO
20,60320733,A,G,MOSAIC
20,61748407,G,A,MOSAIC
21,17683648,TTA,T,MOSAIC
21,27737500,A,T,MOSAIC
21,28140844,G,A,MOSAIC
21,28441055,T,C,MOSAIC
21,28441060,G,A,MOSAIC
21,34185473,C,G,MOSAIC
21,35693543,G,A,MOSAIC
21,42068153,C,A,MOSAIC
21,42801460,G,A,MOSAIC
21,43101791,G,A,MOSAIC
21,45615409,T,C,HET
21,47783796,T,C,REF_HOMO
22,18444369,T,C,MOSAIC
22,19049947,T,TCCTC,MOSAIC
22,27329968,T,A,MOSAIC
22,27329969,T,A,MOSAIC
22,31981969,T,A,MOSAIC
22,31981970,T,A,MOSAIC
22,34583344,G,A,MOSAIC
22,35279008,G,A,MOSAIC
22,36923144,C,T,REF_HOMO
22,39886828,C,T,MOSAIC
22,39886829,A,G,MOSAIC
22,46947808,G,A,MOSAIC
X,5162082,T,C,MOSAIC
X,5162085,C,A,MOSAIC
X,10480747,T,A,MOSAIC
X,10612540,A,T,MOSAIC
X,10612541,A,T,MOSAIC
X,11796288,C,G,MOSAIC
X,11972244,T,A,MOSAIC
X,17091941,T,G,MOSAIC
X,17091942,C,A,MOSAIC
X,20352977,C,A,MOSAIC
X,20352979,T,C,MOSAIC
X,21852320,G,A,MOSAIC
X,26068645,T,G,MOSAIC
X,28932331,T,A,MOSAIC
X,28932332,T,A,MOSAIC
X,33979694,C,A,MOSAIC
X,41163173,C,T,MOSAIC
X,42337979,A,T,MOSAIC
X,47948369,C,T,MOSAIC
X,51984755,C,T,MOSAIC
X,54739596,C,G,MOSAIC
X,57415633,A,G,MOSAIC
X,62980946,T,C,MOSAIC
X,66538566,A,T,MOSAIC
X,68539100,T,G,MOSAIC
X,77453233,C,T,MOSAIC
X,99461487,T,A,MOSAIC
X,99461982,T,A,MOSAIC
X,106516195,C,G,MOSAIC
X,106796577,C,T,MOSAIC
X,117300986,G,A,MOSAIC
X,117352547,A,T,MOSAIC
X,124310752,C,T,MOSAIC
X,130898293,A,G,MOSAIC
X,130898294,C,T,MOSAIC
X,135481790,G,A,MOSAIC
X,135481793,T,C,MOSAIC
X,138175923,C,T,MOSAIC
X,138963618,G,T,MOSAIC
X,139853112,G,A,MOSAIC
X,141420247,C,G,MOSAIC
X,141942973,G,A,MOSAIC
